"ResponseId","IMAGE","QUALITY","SMELL","SAFESWIM","SAFEWILD","SEWAGE","CONTAM","EXPECT","DESIRE","NATURAL","BEAUTY","UNIQUE","SAFETY","RECREATE","SOCIALIZE","ECONOMY"
"R_1CwqxmULPNJGBYt","HABA",NA,NA,NA,NA,NA,NA,NA,10,10,10,7.14,0,10,10,10
"R_1CwqxmULPNJGBYt","HABB",NA,NA,NA,NA,NA,NA,NA,10,7.1,7.21,8.17,5.05,10,10,10
"R_1CwqxmULPNJGBYt","HABC",NA,NA,NA,NA,NA,NA,NA,4,3.05,5.11,3.05,1.1,5,4.91,7.22
"R_1CwqxmULPNJGBYt","HABD",NA,NA,NA,NA,NA,NA,NA,1.98,3,2.93,1.84,0,5.14,5.11,5.19
"R_1CwqxmULPNJGBYt","HABW",NA,NA,NA,NA,NA,NA,NA,10,10,10,7.24,7.36,10,10,10
"R_1CwqxmULPNJGBYt","HABX",NA,NA,NA,NA,NA,NA,NA,10,10,10,10,5.1,6.83,6.94,10
"R_1CwqxmULPNJGBYt","HABY",NA,NA,NA,NA,NA,NA,NA,10,10,10,10,5.1,6.97,7.14,10
"R_1CwqxmULPNJGBYt","HABZ",NA,NA,NA,NA,NA,NA,NA,10,10,10,8.24,1.98,9.18,9.26,10
"R_1EAH778ezazdaGj","WQA",6.08,8.25,8.24,8.3,0,5.14,"Yes",NA,NA,NA,NA,NA,NA,NA,NA
"R_1EAH778ezazdaGj","WQB",5.06,3.99,5.18,1.82,0.94,5.07,"Yes",NA,NA,NA,NA,NA,NA,NA,NA
"R_1EAH778ezazdaGj","WQC",9.13,5.11,1.87,1.8,1.93,4.96,"Yes",NA,NA,NA,NA,NA,NA,NA,NA
"R_1EAH778ezazdaGj","WQD",2.96,2.97,2.97,1.85,4.01,5.04,"No",NA,NA,NA,NA,NA,NA,NA,NA
"R_1EAH778ezazdaGj","WQW",7.03,9.23,9.27,9.32,0,5.06,"Yes",NA,NA,NA,NA,NA,NA,NA,NA
"R_1EAH778ezazdaGj","WQX",6.99,9.18,8.04,8.31,0,5.07,"Yes",NA,NA,NA,NA,NA,NA,NA,NA
"R_1EAH778ezazdaGj","WQY",6.2,6.18,6.14,5.32,0,5.1,"Yes",NA,NA,NA,NA,NA,NA,NA,NA
"R_1EAH778ezazdaGj","WQZ",2.9,3.01,0.93,0.82,0,5,"Yes",NA,NA,NA,NA,NA,NA,NA,NA
"R_1kixTJpeklLHpLP","HABA",NA,NA,NA,NA,NA,NA,NA,7.05,9.1,8.14,7.24,6.28,5.14,5.25,9.07
"R_1kixTJpeklLHpLP","HABB",NA,NA,NA,NA,NA,NA,NA,7.05,5.11,5.13,6.93,6.94,6.93,6.93,9.25
"R_1kixTJpeklLHpLP","HABC",NA,NA,NA,NA,NA,NA,NA,4.07,2.86,2.82,5.11,7.24,7.35,7.38,8.27
"R_1kixTJpeklLHpLP","HABD",NA,NA,NA,NA,NA,NA,NA,0.89,2.89,3.97,1.91,5.11,7.07,7.2,7.08
"R_1kixTJpeklLHpLP","HABW",NA,NA,NA,NA,NA,NA,NA,9.22,9.84,8.58,7.55,7.49,7.59,7.53,5.79
"R_1kixTJpeklLHpLP","HABX",NA,NA,NA,NA,NA,NA,NA,8.07,9.15,9.08,8.34,1.07,1.04,1.94,4.13
"R_1kixTJpeklLHpLP","HABY",NA,NA,NA,NA,NA,NA,NA,9.1,9.18,9.18,8.52,5.1,3.11,3.05,7.05
"R_1kixTJpeklLHpLP","HABZ",NA,NA,NA,NA,NA,NA,NA,7.04,9.17,9.17,8.32,1.08,1.04,1.1,6
"R_1qWozNEfj4OQrVR","WQA",9.15,8.73,8.66,8.7,0.75,0.68,"Yes",NA,NA,NA,NA,NA,NA,NA,NA
"R_1qWozNEfj4OQrVR","WQB",5.11,3.63,3.65,3.61,0.87,0.85,"Yes",NA,NA,NA,NA,NA,NA,NA,NA
"R_1qWozNEfj4OQrVR","WQC",9.1,8.14,8.13,8.1,0.38,0.3,"Yes",NA,NA,NA,NA,NA,NA,NA,NA
"R_1qWozNEfj4OQrVR","WQD",9.04,9.07,9,8.93,0.41,0.37,"Yes",NA,NA,NA,NA,NA,NA,NA,NA
"R_1qWozNEfj4OQrVR","WQW",8.55,9.17,9.2,9.21,0.35,0.3,"Yes",NA,NA,NA,NA,NA,NA,NA,NA
"R_1qWozNEfj4OQrVR","WQX",6.99,9.08,9.06,9.04,0.49,0.44,"Yes",NA,NA,NA,NA,NA,NA,NA,NA
"R_1qWozNEfj4OQrVR","WQY",4.77,3.94,3.89,3.73,8.07,8.18,"Yes",NA,NA,NA,NA,NA,NA,NA,NA
"R_1qWozNEfj4OQrVR","WQZ",4.85,3.07,3.04,3.07,8.18,8.23,"Yes",NA,NA,NA,NA,NA,NA,NA,NA
"R_1rCr3TAE7PmuSJ3","WQA",10,10,10,10,0.8,0.94,"Yes",NA,NA,NA,NA,NA,NA,NA,NA
"R_1rCr3TAE7PmuSJ3","WQB",6.08,7.05,4.97,4.95,3.01,3.07,"Yes",NA,NA,NA,NA,NA,NA,NA,NA
"R_1rCr3TAE7PmuSJ3","WQC",7.93,8.95,8,7.94,1.77,1.73,"Yes",NA,NA,NA,NA,NA,NA,NA,NA
"R_1rCr3TAE7PmuSJ3","WQD",3.95,1.84,0.95,0.97,6.88,6.98,"Yes",NA,NA,NA,NA,NA,NA,NA,NA
"R_1rCr3TAE7PmuSJ3","WQW",6.95,6.97,7.04,7.01,0.74,0.73,"Yes",NA,NA,NA,NA,NA,NA,NA,NA
"R_1rCr3TAE7PmuSJ3","WQX",8.15,7.94,6.93,6.88,0.84,0.86,"Yes",NA,NA,NA,NA,NA,NA,NA,NA
"R_1rCr3TAE7PmuSJ3","WQY",2.94,1.77,1.77,1.84,4.86,4.88,"No",NA,NA,NA,NA,NA,NA,NA,NA
"R_1rCr3TAE7PmuSJ3","WQZ",1.95,0.93,0.98,0.91,9.04,9,"No",NA,NA,NA,NA,NA,NA,NA,NA
"R_1X7ODOEB2ovDBQm","HABA",NA,NA,NA,NA,NA,NA,NA,6.18,8.14,7.04,6.46,5.4,6.15,6.45,8.31
"R_1X7ODOEB2ovDBQm","HABB",NA,NA,NA,NA,NA,NA,NA,4,3.91,6.09,6.84,7.15,7.18,7.22,8.19
"R_1X7ODOEB2ovDBQm","HABC",NA,NA,NA,NA,NA,NA,NA,3,2.14,3.26,3,5.67,6.01,5.11,4
"R_1X7ODOEB2ovDBQm","HABD",NA,NA,NA,NA,NA,NA,NA,1.01,2.84,5.84,4.02,6.5,5.78,5.11,3.01
"R_1X7ODOEB2ovDBQm","HABW",NA,NA,NA,NA,NA,NA,NA,9.15,9.16,9.07,8.98,6.71,9.25,7.35,9.43
"R_1X7ODOEB2ovDBQm","HABX",NA,NA,NA,NA,NA,NA,NA,7.05,9.83,9.92,8.78,5.73,3.57,5.31,8.91
"R_1X7ODOEB2ovDBQm","HABY",NA,NA,NA,NA,NA,NA,NA,8.08,9.76,9.15,9.33,8.21,6.12,6,7.59
"R_1X7ODOEB2ovDBQm","HABZ",NA,NA,NA,NA,NA,NA,NA,7.18,9.42,8.43,7.53,4.69,5.97,5.49,8.81
"R_1XquM0PeGRxhuE1","WQA",9.15,9.2,9.32,9.41,2.82,7,"Yes",NA,NA,NA,NA,NA,NA,NA,NA
"R_1XquM0PeGRxhuE1","WQB",4.99,8.03,7.13,7.96,5.99,5.99,"Yes",NA,NA,NA,NA,NA,NA,NA,NA
"R_1XquM0PeGRxhuE1","WQC",9.07,10,9.13,10,3.96,6.07,"Yes",NA,NA,NA,NA,NA,NA,NA,NA
"R_1XquM0PeGRxhuE1","WQD",8.14,9.13,8.15,8.94,3.82,6.73,"Yes",NA,NA,NA,NA,NA,NA,NA,NA
"R_1XquM0PeGRxhuE1","WQW",9.13,10,9.94,10,1.75,1.83,"Yes",NA,NA,NA,NA,NA,NA,NA,NA
"R_1XquM0PeGRxhuE1","WQX",8.13,10,10,10,6.77,7.03,"Yes",NA,NA,NA,NA,NA,NA,NA,NA
"R_1XquM0PeGRxhuE1","WQY",7.96,9.24,9.18,9.2,7.38,7.7,"Yes",NA,NA,NA,NA,NA,NA,NA,NA
"R_1XquM0PeGRxhuE1","WQZ",4.96,3.93,3.99,3.89,6,6.11,"Yes",NA,NA,NA,NA,NA,NA,NA,NA
"R_1YwayC8MFpImFEd","HABA",NA,NA,NA,NA,NA,NA,NA,10,9.11,8.15,10,5.22,5.22,2.74,10
"R_1YwayC8MFpImFEd","HABB",NA,NA,NA,NA,NA,NA,NA,7.05,4.05,4.82,5.43,5.11,7.77,5.11,10
"R_1YwayC8MFpImFEd","HABC",NA,NA,NA,NA,NA,NA,NA,2.92,0.88,0.82,0.82,1.81,4.81,4.74,10
"R_1YwayC8MFpImFEd","HABD",NA,NA,NA,NA,NA,NA,NA,2.84,0.8,2.81,0,4.84,4.82,4.81,2.47
"R_1YwayC8MFpImFEd","HABW",NA,NA,NA,NA,NA,NA,NA,10,10,10,8.73,8.29,8.32,4.32,10
"R_1YwayC8MFpImFEd","HABX",NA,NA,NA,NA,NA,NA,NA,10,10,10,9.37,4.5,3.49,1.95,10
"R_1YwayC8MFpImFEd","HABY",NA,NA,NA,NA,NA,NA,NA,10,10,10,10,4.87,2.64,2.21,10
"R_1YwayC8MFpImFEd","HABZ",NA,NA,NA,NA,NA,NA,NA,10,10,10,10,2.44,4.49,1.94,10
"R_38SXBAlsVGEpTJB","WQA",9.13,6.06,8.13,7.14,4.03,8.15,"Yes",NA,NA,NA,NA,NA,NA,NA,NA
"R_38SXBAlsVGEpTJB","WQB",1.87,6.06,8.03,7.13,5,8.15,"Yes",NA,NA,NA,NA,NA,NA,NA,NA
"R_38SXBAlsVGEpTJB","WQC",5.96,6.07,8.11,7.1,4.03,8.08,"Yes",NA,NA,NA,NA,NA,NA,NA,NA
"R_38SXBAlsVGEpTJB","WQD",3.99,6.03,6.03,7.14,5.07,8.07,"Yes",NA,NA,NA,NA,NA,NA,NA,NA
"R_38SXBAlsVGEpTJB","WQW",8.07,6.03,8.13,7.06,3.94,8.03,"Yes",NA,NA,NA,NA,NA,NA,NA,NA
"R_38SXBAlsVGEpTJB","WQX",2.94,6.04,7.03,7.07,5,8.2,"Yes",NA,NA,NA,NA,NA,NA,NA,NA
"R_38SXBAlsVGEpTJB","WQY",1.94,4.96,7.06,6.1,6,8.11,"Yes",NA,NA,NA,NA,NA,NA,NA,NA
"R_38SXBAlsVGEpTJB","WQZ",0.87,3.99,4.96,6.13,8.11,8.14,"Yes",NA,NA,NA,NA,NA,NA,NA,NA
"R_3DGSmdRv3bYdA5N","HABA",NA,NA,NA,NA,NA,NA,NA,8.16,7.04,7.04,8.29,6.05,6.98,7.05,8.19
"R_3DGSmdRv3bYdA5N","HABB",NA,NA,NA,NA,NA,NA,NA,8.12,7.04,7.09,7.97,7.98,8.04,8.08,8.8
"R_3DGSmdRv3bYdA5N","HABC",NA,NA,NA,NA,NA,NA,NA,8.08,7.01,8.04,8.06,8.08,9.01,9.04,9.04
"R_3DGSmdRv3bYdA5N","HABD",NA,NA,NA,NA,NA,NA,NA,7.08,6.04,7.06,8.08,8.15,8.08,8.12,9.09
"R_3DGSmdRv3bYdA5N","HABW",NA,NA,NA,NA,NA,NA,NA,9.12,10,10,8.46,8.43,8.43,8.4,9.13
"R_3DGSmdRv3bYdA5N","HABX",NA,NA,NA,NA,NA,NA,NA,9.11,10,10,9.2,7.58,8.39,8.4,9.26
"R_3DGSmdRv3bYdA5N","HABY",NA,NA,NA,NA,NA,NA,NA,9.11,10,10,9.28,8.51,9.29,9.28,9.33
"R_3DGSmdRv3bYdA5N","HABZ",NA,NA,NA,NA,NA,NA,NA,9.15,10,9.16,9.12,8.35,9.26,9.25,10
"R_3ef43rCQKE6B8nI","WQA",9.19,9.14,8.17,10,0.77,4.03,"Yes",NA,NA,NA,NA,NA,NA,NA,NA
"R_3ef43rCQKE6B8nI","WQB",6.07,7.1,7.17,6.14,2.91,3.91,"Yes",NA,NA,NA,NA,NA,NA,NA,NA
"R_3ef43rCQKE6B8nI","WQC",8.11,5.01,3.01,4.18,2.84,1.97,"Yes",NA,NA,NA,NA,NA,NA,NA,NA
"R_3ef43rCQKE6B8nI","WQD",4,2.91,5.1,4.11,7.03,7.12,"No",NA,NA,NA,NA,NA,NA,NA,NA
"R_3ef43rCQKE6B8nI","WQW",7.17,8.03,8.11,8.15,1.97,3.97,"Yes",NA,NA,NA,NA,NA,NA,NA,NA
"R_3ef43rCQKE6B8nI","WQX",7.1,5,5.07,5.07,1.88,1.93,"Yes",NA,NA,NA,NA,NA,NA,NA,NA
"R_3ef43rCQKE6B8nI","WQY",5.05,7.01,7.21,7.28,1.86,2.9,"Yes",NA,NA,NA,NA,NA,NA,NA,NA
"R_3ef43rCQKE6B8nI","WQZ",2.01,1.01,1,0.94,6.07,6.14,"No",NA,NA,NA,NA,NA,NA,NA,NA
"R_3i8ydFdflq2wDaN","HABA",NA,NA,NA,NA,NA,NA,NA,5.01,8.04,5,2.79,5,1.82,0.92,3.75
"R_3i8ydFdflq2wDaN","HABB",NA,NA,NA,NA,NA,NA,NA,1.96,0,0,5,6.96,4.59,5,7.04
"R_3i8ydFdflq2wDaN","HABC",NA,NA,NA,NA,NA,NA,NA,5,1.87,4.06,5,5,3.76,4.35,5.45
"R_3i8ydFdflq2wDaN","HABD",NA,NA,NA,NA,NA,NA,NA,0.96,0,7.04,6.35,5.58,5.87,5.97,5
"R_3i8ydFdflq2wDaN","HABW",NA,NA,NA,NA,NA,NA,NA,10,9.99,10,6.93,4.14,7.92,7.9,5
"R_3i8ydFdflq2wDaN","HABX",NA,NA,NA,NA,NA,NA,NA,8.27,10,10,8.24,3.92,7.48,5,6.39
"R_3i8ydFdflq2wDaN","HABY",NA,NA,NA,NA,NA,NA,NA,7.04,10,10,6.79,5,5,4.2,6.94
"R_3i8ydFdflq2wDaN","HABZ",NA,NA,NA,NA,NA,NA,NA,9.17,10,10,8.2,6.2,5.94,4.77,10
"R_3J5lNLCoA1Fqdwr","WQA",10,9.32,9.39,9.42,0.9,3.96,"Yes",NA,NA,NA,NA,NA,NA,NA,NA
"R_3J5lNLCoA1Fqdwr","WQB",7.1,7.08,4.99,7.13,6.06,5.97,"Yes",NA,NA,NA,NA,NA,NA,NA,NA
"R_3J5lNLCoA1Fqdwr","WQC",8.06,9.14,9.2,9.23,0.9,3.97,"Yes",NA,NA,NA,NA,NA,NA,NA,NA
"R_3J5lNLCoA1Fqdwr","WQD",4.07,9.04,6.2,9.17,7.18,7.37,"Yes",NA,NA,NA,NA,NA,NA,NA,NA
"R_3J5lNLCoA1Fqdwr","WQW",9.21,9.2,9.28,9.31,1.08,4.06,"Yes",NA,NA,NA,NA,NA,NA,NA,NA
"R_3J5lNLCoA1Fqdwr","WQX",3.97,5.97,7.18,8.99,3.04,4.03,"Yes",NA,NA,NA,NA,NA,NA,NA,NA
"R_3J5lNLCoA1Fqdwr","WQY",2.92,0.85,0.04,0,8.01,7.1,"Yes",NA,NA,NA,NA,NA,NA,NA,NA
"R_3J5lNLCoA1Fqdwr","WQZ",0.94,0.96,0,0,8.97,8.25,"Yes",NA,NA,NA,NA,NA,NA,NA,NA
"R_3lzQwLtCjWoGcdB","WQA",3.96,6,5.97,5.97,5.01,6.9,"Yes",NA,NA,NA,NA,NA,NA,NA,NA
"R_3lzQwLtCjWoGcdB","WQB",7.04,6.04,4,3.97,6.99,7,"Yes",NA,NA,NA,NA,NA,NA,NA,NA
"R_3lzQwLtCjWoGcdB","WQC",4.97,6.97,6.96,6.93,5.08,7.08,"No",NA,NA,NA,NA,NA,NA,NA,NA
"R_3lzQwLtCjWoGcdB","WQD",4.99,6.11,5.07,5.14,7.14,7.18,"No",NA,NA,NA,NA,NA,NA,NA,NA
"R_3lzQwLtCjWoGcdB","WQW",4,8.08,7.01,7.03,3.96,6.07,"Yes",NA,NA,NA,NA,NA,NA,NA,NA
"R_3lzQwLtCjWoGcdB","WQX",5.01,6.11,6.11,6.15,6.14,6.18,"Yes",NA,NA,NA,NA,NA,NA,NA,NA
"R_3lzQwLtCjWoGcdB","WQY",1.93,1.9,0,0,10,10,"Yes",NA,NA,NA,NA,NA,NA,NA,NA
"R_3lzQwLtCjWoGcdB","WQZ",0.82,1.94,0,0,10,10,"Yes",NA,NA,NA,NA,NA,NA,NA,NA
"R_3wAzciNBDWNAa5U","WQA",9.07,8.24,8.29,8.38,5.11,5.11,"Yes",NA,NA,NA,NA,NA,NA,NA,NA
"R_3wAzciNBDWNAa5U","WQB",7.04,7.98,5.11,5.11,5.11,5.12,"Yes",NA,NA,NA,NA,NA,NA,NA,NA
"R_3wAzciNBDWNAa5U","WQC",7.18,7.12,5.11,5.11,5.11,5.11,"Yes",NA,NA,NA,NA,NA,NA,NA,NA
"R_3wAzciNBDWNAa5U","WQD",2.93,5.11,5.11,5.11,5.11,5.11,"No",NA,NA,NA,NA,NA,NA,NA,NA
"R_3wAzciNBDWNAa5U","WQW",8.2,7.38,5.1,5.1,5.1,5.1,"Yes",NA,NA,NA,NA,NA,NA,NA,NA
"R_3wAzciNBDWNAa5U","WQX",6.98,6.91,5.1,5.1,5.1,5.11,"Yes",NA,NA,NA,NA,NA,NA,NA,NA
"R_3wAzciNBDWNAa5U","WQY",3.94,5.1,5.1,5.1,5.14,5.1,"Yes",NA,NA,NA,NA,NA,NA,NA,NA
"R_3wAzciNBDWNAa5U","WQZ",1.89,3.39,3.45,3.46,5.1,5.1,"No",NA,NA,NA,NA,NA,NA,NA,NA
"R_51LcxAAA8eehhnZ","HABA",NA,NA,NA,NA,NA,NA,NA,10,6.18,6.67,5.25,5.14,5.11,5.11,6.67
"R_51LcxAAA8eehhnZ","HABB",NA,NA,NA,NA,NA,NA,NA,8.07,5.11,5.11,5.11,5.11,6.74,5.11,6.8
"R_51LcxAAA8eehhnZ","HABC",NA,NA,NA,NA,NA,NA,NA,6.6,4.93,4.72,5.11,5.11,5.11,5.45,5.52
"R_51LcxAAA8eehhnZ","HABD",NA,NA,NA,NA,NA,NA,NA,8.21,4.73,5.11,5.15,5.11,6.57,6.57,6.42
"R_51LcxAAA8eehhnZ","HABW",NA,NA,NA,NA,NA,NA,NA,10,8.36,8.5,7.53,6.19,8.45,7.15,8.11
"R_51LcxAAA8eehhnZ","HABX",NA,NA,NA,NA,NA,NA,NA,10,9.52,9.56,7.69,5.59,9.79,9.11,9.6
"R_51LcxAAA8eehhnZ","HABY",NA,NA,NA,NA,NA,NA,NA,10,8.32,9.31,8.86,5.98,8.86,8.6,9.74
"R_51LcxAAA8eehhnZ","HABZ",NA,NA,NA,NA,NA,NA,NA,10,8.55,9.53,7.32,5.48,9.84,9.67,9.55
"R_5ERmsWEB3QD1UcH","WQA",8.69,9.08,8.24,9.97,1.86,6.36,"Yes",NA,NA,NA,NA,NA,NA,NA,NA
"R_5ERmsWEB3QD1UcH","WQB",5.87,6.14,6.31,8.48,4.98,5.1,"Yes",NA,NA,NA,NA,NA,NA,NA,NA
"R_5ERmsWEB3QD1UcH","WQC",8.07,7.11,5.11,8.14,2.14,5.11,"Yes",NA,NA,NA,NA,NA,NA,NA,NA
"R_5ERmsWEB3QD1UcH","WQD",7.1,5.11,6.32,6.73,2.55,4.74,"Yes",NA,NA,NA,NA,NA,NA,NA,NA
"R_5ERmsWEB3QD1UcH","WQW",9.19,3.88,7.98,8.07,3.15,5.1,"Yes",NA,NA,NA,NA,NA,NA,NA,NA
"R_5ERmsWEB3QD1UcH","WQX",7.08,5.1,7.28,7.31,3.76,5.1,"Yes",NA,NA,NA,NA,NA,NA,NA,NA
"R_5ERmsWEB3QD1UcH","WQY",8.08,5.6,5.1,6.07,5.1,5.1,"Yes",NA,NA,NA,NA,NA,NA,NA,NA
"R_5ERmsWEB3QD1UcH","WQZ",4.52,5.94,4.43,5.81,5.1,5.15,"Yes",NA,NA,NA,NA,NA,NA,NA,NA
"R_5fpHuldBajL45RU","HABA",NA,NA,NA,NA,NA,NA,NA,7.14,7.97,3.93,5.85,5.04,4.25,4.14,7.45
"R_5fpHuldBajL45RU","HABB",NA,NA,NA,NA,NA,NA,NA,7.01,6.1,6.27,6.94,8.42,7.68,7.1,7.76
"R_5fpHuldBajL45RU","HABC",NA,NA,NA,NA,NA,NA,NA,3.1,6.28,4.11,3.21,6.48,5.06,5.1,7.42
"R_5fpHuldBajL45RU","HABD",NA,NA,NA,NA,NA,NA,NA,4.82,0,8.13,0,7.38,5.92,5.59,7.21
"R_5fpHuldBajL45RU","HABW",NA,NA,NA,NA,NA,NA,NA,6.08,10,8.3,8.03,5.62,8.14,7.97,9.77
"R_5fpHuldBajL45RU","HABX",NA,NA,NA,NA,NA,NA,NA,8.07,10,9.32,10,5.1,8.75,8.55,8.18
"R_5fpHuldBajL45RU","HABY",NA,NA,NA,NA,NA,NA,NA,8.42,10,10,9.2,7.69,7.75,7.68,9.25
"R_5fpHuldBajL45RU","HABZ",NA,NA,NA,NA,NA,NA,NA,7.75,10,5.56,7.46,5.35,6.76,6.18,9.13
"R_5HCjjYd0sRdFmdH","HABA",NA,NA,NA,NA,NA,NA,NA,10,10,7.42,8.18,0.99,2.32,1.77,9.8
"R_5HCjjYd0sRdFmdH","HABB",NA,NA,NA,NA,NA,NA,NA,5.96,5.03,1.99,7.93,2.9,1.27,1.52,6.89
"R_5HCjjYd0sRdFmdH","HABC",NA,NA,NA,NA,NA,NA,NA,1.94,0.2,5.11,0,0.3,7.21,7.65,5.17
"R_5HCjjYd0sRdFmdH","HABD",NA,NA,NA,NA,NA,NA,NA,4.04,0.54,8.2,5.11,4.49,8.8,9.13,5.96
"R_5HCjjYd0sRdFmdH","HABW",NA,NA,NA,NA,NA,NA,NA,10,10,10,10,5.1,7.35,6.07,5.1
"R_5HCjjYd0sRdFmdH","HABX",NA,NA,NA,NA,NA,NA,NA,10,10,10,10,4.56,6.32,6.3,8.87
"R_5HCjjYd0sRdFmdH","HABY",NA,NA,NA,NA,NA,NA,NA,10,10,6.92,6.61,1.9,3.11,4.51,7.93
"R_5HCjjYd0sRdFmdH","HABZ",NA,NA,NA,NA,NA,NA,NA,10,10,7.28,10,6.72,2.83,4.1,8.08
"R_5jOZIfQd9eFVkTD","HABA",NA,NA,NA,NA,NA,NA,NA,9.63,9.63,7.3,7.27,5.13,6.49,6.61,9.89
"R_5jOZIfQd9eFVkTD","HABB",NA,NA,NA,NA,NA,NA,NA,8.04,2.92,4,5.17,5.1,7.55,7.1,8.75
"R_5jOZIfQd9eFVkTD","HABC",NA,NA,NA,NA,NA,NA,NA,6.11,1.94,1.97,2.93,5.13,4.73,7.24,8.27
"R_5jOZIfQd9eFVkTD","HABD",NA,NA,NA,NA,NA,NA,NA,5,2.11,2.49,1.97,1.94,2.25,3.61,2.14
"R_5jOZIfQd9eFVkTD","HABW",NA,NA,NA,NA,NA,NA,NA,9.93,9.66,10,9.15,8.04,10,9.27,9.51
"R_5jOZIfQd9eFVkTD","HABX",NA,NA,NA,NA,NA,NA,NA,10,9.07,9.38,9.79,7.52,9.23,9.1,9.66
"R_5jOZIfQd9eFVkTD","HABY",NA,NA,NA,NA,NA,NA,NA,9.38,9.83,9.56,9.03,7.89,7.94,7.32,9.46
"R_5jOZIfQd9eFVkTD","HABZ",NA,NA,NA,NA,NA,NA,NA,10,1.17,2.25,2.23,7.38,7.63,7.62,9.82
"R_5ki7a7TzM27dYT7","HABA",NA,NA,NA,NA,NA,NA,NA,7.21,10,7.08,9.35,3.07,5.03,3.14,10
"R_5ki7a7TzM27dYT7","HABB",NA,NA,NA,NA,NA,NA,NA,5.1,1.9,0,5.01,2.95,4.98,5.01,7.25
"R_5ki7a7TzM27dYT7","HABC",NA,NA,NA,NA,NA,NA,NA,6.17,3.98,6.05,4.03,8.26,10,10,10
"R_5ki7a7TzM27dYT7","HABD",NA,NA,NA,NA,NA,NA,NA,2.93,0.95,4.98,2.07,9.35,10,10,4.9
"R_5ki7a7TzM27dYT7","HABW",NA,NA,NA,NA,NA,NA,NA,10,10,10,10,8.14,10,4.94,10
"R_5ki7a7TzM27dYT7","HABX",NA,NA,NA,NA,NA,NA,NA,10,10,10,10,2.94,0,0,10
"R_5ki7a7TzM27dYT7","HABY",NA,NA,NA,NA,NA,NA,NA,10,10,10,10,3.05,3.12,0.84,10
"R_5ki7a7TzM27dYT7","HABZ",NA,NA,NA,NA,NA,NA,NA,10,10,10,10,7.03,4.88,4.91,10
"R_5mFAnLntus6e6Zf","HABA",NA,NA,NA,NA,NA,NA,NA,10,9.08,10,5.1,5.1,1.7,2.46,10
"R_5mFAnLntus6e6Zf","HABB",NA,NA,NA,NA,NA,NA,NA,9.11,1.94,1.94,6.44,4.39,1.85,1.72,6.63
"R_5mFAnLntus6e6Zf","HABC",NA,NA,NA,NA,NA,NA,NA,7.11,0.75,4.11,1.86,4.15,1.72,3.03,3.07
"R_5mFAnLntus6e6Zf","HABD",NA,NA,NA,NA,NA,NA,NA,5.99,0,3.87,3.14,5.52,4.03,5.23,4.25
"R_5mFAnLntus6e6Zf","HABW",NA,NA,NA,NA,NA,NA,NA,10,10,10,6.24,4.25,5.92,6,6.97
"R_5mFAnLntus6e6Zf","HABX",NA,NA,NA,NA,NA,NA,NA,10,10,10,6.23,5.55,3.03,3.06,7.56
"R_5mFAnLntus6e6Zf","HABY",NA,NA,NA,NA,NA,NA,NA,10,10,10,6.99,5.61,2.97,3.13,8.85
"R_5mFAnLntus6e6Zf","HABZ",NA,NA,NA,NA,NA,NA,NA,10,10,10,6.92,4.28,4.34,0.7,8.34
"R_5w14vdY0PQ8uGUY","WQA",9.94,9.05,7.04,6.05,0,8.28,"Yes",NA,NA,NA,NA,NA,NA,NA,NA
"R_5w14vdY0PQ8uGUY","WQB",5.09,4.01,5.09,5.09,0.04,3.9,"Yes",NA,NA,NA,NA,NA,NA,NA,NA
"R_5w14vdY0PQ8uGUY","WQC",2.9,5.94,5.84,6.97,0,6.25,"Yes",NA,NA,NA,NA,NA,NA,NA,NA
"R_5w14vdY0PQ8uGUY","WQD",2.92,3.98,4.09,6.12,0,5.99,"Yes",NA,NA,NA,NA,NA,NA,NA,NA
"R_5w14vdY0PQ8uGUY","WQW",7.05,2.8,2.71,6.23,0,4.3,"Yes",NA,NA,NA,NA,NA,NA,NA,NA
"R_5w14vdY0PQ8uGUY","WQX",5.99,4.9,4.87,8.36,0,3.64,"Yes",NA,NA,NA,NA,NA,NA,NA,NA
"R_5w14vdY0PQ8uGUY","WQY",5.18,4.02,4.01,6.21,0,3.88,"Yes",NA,NA,NA,NA,NA,NA,NA,NA
"R_5w14vdY0PQ8uGUY","WQZ",0.91,1.88,1.78,3.84,0,4.97,"No",NA,NA,NA,NA,NA,NA,NA,NA
"R_5YgDGUppFD7j3Pq","HABA",NA,NA,NA,NA,NA,NA,NA,10,9.72,9.73,9.6,7.21,7.14,7.18,10
"R_5YgDGUppFD7j3Pq","HABB",NA,NA,NA,NA,NA,NA,NA,10,6.98,6.94,7,5.95,6.35,7.14,10
"R_5YgDGUppFD7j3Pq","HABC",NA,NA,NA,NA,NA,NA,NA,8.24,5.39,6.22,5.9,6.25,6.59,6.94,8.45
"R_5YgDGUppFD7j3Pq","HABD",NA,NA,NA,NA,NA,NA,NA,0.88,0.93,0.94,0.86,4.18,3.01,2.81,3.45
"R_5YgDGUppFD7j3Pq","HABW",NA,NA,NA,NA,NA,NA,NA,10,9.97,10,9.6,9.21,9.08,8.97,9.73
"R_5YgDGUppFD7j3Pq","HABX",NA,NA,NA,NA,NA,NA,NA,10,10,10,9.35,5.59,6.22,6.41,9.67
"R_5YgDGUppFD7j3Pq","HABY",NA,NA,NA,NA,NA,NA,NA,10,10,10,9.97,5.94,6,7.17,9.87
"R_5YgDGUppFD7j3Pq","HABZ",NA,NA,NA,NA,NA,NA,NA,10,9.81,9.9,9.86,6.38,7.56,8.11,9.55
"R_62PZxkGrTzmPgPa","HABA",NA,NA,NA,NA,NA,NA,NA,9.18,4.1,7.08,7.1,1.94,4,6.29,8.76
"R_62PZxkGrTzmPgPa","HABB",NA,NA,NA,NA,NA,NA,NA,9.1,1.86,1.88,1.84,2.86,2.93,3.84,9.35
"R_62PZxkGrTzmPgPa","HABC",NA,NA,NA,NA,NA,NA,NA,10,2.9,6.11,4.08,6.12,6.17,4.19,10
"R_62PZxkGrTzmPgPa","HABD",NA,NA,NA,NA,NA,NA,NA,0.9,0,0.93,0,2.91,2.9,4.03,0.98
"R_62PZxkGrTzmPgPa","HABW",NA,NA,NA,NA,NA,NA,NA,9.98,10,10,10,9.34,10,9.42,10
"R_62PZxkGrTzmPgPa","HABX",NA,NA,NA,NA,NA,NA,NA,10,10,10,10,9.38,10,9.45,10
"R_62PZxkGrTzmPgPa","HABY",NA,NA,NA,NA,NA,NA,NA,10,10,10,10,6.1,3.72,3.67,10
"R_62PZxkGrTzmPgPa","HABZ",NA,NA,NA,NA,NA,NA,NA,10,10,10,10,1.95,4,1.93,10
"R_6DP4kPyUAItOUgD","HABA",NA,NA,NA,NA,NA,NA,NA,10,9.07,10,8.04,7.08,9.28,9.23,10
"R_6DP4kPyUAItOUgD","HABB",NA,NA,NA,NA,NA,NA,NA,8.11,8.2,10,8.17,7.21,10,10,10
"R_6DP4kPyUAItOUgD","HABC",NA,NA,NA,NA,NA,NA,NA,8.08,7.8,9.65,8.72,7.2,7.96,9.94,7.31
"R_6DP4kPyUAItOUgD","HABD",NA,NA,NA,NA,NA,NA,NA,7.1,7.01,10,10,7.18,10,10,6.89
"R_6DP4kPyUAItOUgD","HABW",NA,NA,NA,NA,NA,NA,NA,10,10,10,10,10,10,9.99,10
"R_6DP4kPyUAItOUgD","HABX",NA,NA,NA,NA,NA,NA,NA,10,10,10,10,10,10,10,10
"R_6DP4kPyUAItOUgD","HABY",NA,NA,NA,NA,NA,NA,NA,10,10,10,10,10,10,10,10
"R_6DP4kPyUAItOUgD","HABZ",NA,NA,NA,NA,NA,NA,NA,10,10,10,10,10,10,10,10
"R_6eahPtOZMaekDFK","HABA",NA,NA,NA,NA,NA,NA,NA,7.86,7.97,8.54,7.01,6.44,5.59,4.06,7.77
"R_6eahPtOZMaekDFK","HABB",NA,NA,NA,NA,NA,NA,NA,7.01,6.1,5.79,7,6.17,6.41,6.73,8.31
"R_6eahPtOZMaekDFK","HABC",NA,NA,NA,NA,NA,NA,NA,7.2,7.04,7.01,4.18,5.11,5.62,6.63,6.55
"R_6eahPtOZMaekDFK","HABD",NA,NA,NA,NA,NA,NA,NA,5.38,3.59,4.13,2.79,6.66,7.28,7.59,4.62
"R_6eahPtOZMaekDFK","HABW",NA,NA,NA,NA,NA,NA,NA,9.94,10,9.32,6.27,5.24,4.1,4.24,5.8
"R_6eahPtOZMaekDFK","HABX",NA,NA,NA,NA,NA,NA,NA,9.1,9.63,7.52,6.54,4.24,2.86,2.69,7.38
"R_6eahPtOZMaekDFK","HABY",NA,NA,NA,NA,NA,NA,NA,9.08,9.46,8.62,8.77,3.34,5.42,3.07,8.04
"R_6eahPtOZMaekDFK","HABZ",NA,NA,NA,NA,NA,NA,NA,9.04,9.55,6.56,8.73,4.28,5.27,3.73,9
"R_6FqTHLhu0nWmUUm","HABA",NA,NA,NA,NA,NA,NA,NA,5.8,10,6.08,8.25,3.7,3.59,4.34,7.24
"R_6FqTHLhu0nWmUUm","HABB",NA,NA,NA,NA,NA,NA,NA,5.54,1.87,3.04,7.93,7.18,6.18,4.08,3.99
"R_6FqTHLhu0nWmUUm","HABC",NA,NA,NA,NA,NA,NA,NA,3.94,1.8,1.9,3.99,2.94,2.8,2.89,2.94
"R_6FqTHLhu0nWmUUm","HABD",NA,NA,NA,NA,NA,NA,NA,6.15,7.03,7.97,2.99,7.28,7.38,7.3,9.03
"R_6FqTHLhu0nWmUUm","HABW",NA,NA,NA,NA,NA,NA,NA,8.08,10,10,10,6.07,8.04,8.01,5.92
"R_6FqTHLhu0nWmUUm","HABX",NA,NA,NA,NA,NA,NA,NA,9.56,10,10,8.49,5.06,8.18,8.2,8.94
"R_6FqTHLhu0nWmUUm","HABY",NA,NA,NA,NA,NA,NA,NA,7.08,9.1,9.11,8.17,6.07,6.03,3.92,4.01
"R_6FqTHLhu0nWmUUm","HABZ",NA,NA,NA,NA,NA,NA,NA,4,6.18,5,5.99,2.96,3.08,3,5.1
"R_6jq6H2K7Mx4TehT","HABA",NA,NA,NA,NA,NA,NA,NA,10,7.11,7.13,7.17,4.99,5.04,3.06,9.1
"R_6jq6H2K7Mx4TehT","HABB",NA,NA,NA,NA,NA,NA,NA,9.15,3.04,3.96,9.11,5.06,3.99,3.24,9.38
"R_6jq6H2K7Mx4TehT","HABC",NA,NA,NA,NA,NA,NA,NA,6.08,2.94,6.04,5.11,1.93,7.11,8.17,2.07
"R_6jq6H2K7Mx4TehT","HABD",NA,NA,NA,NA,NA,NA,NA,7.06,6.03,8.07,5.04,4.23,6.15,7.23,3.17
"R_6jq6H2K7Mx4TehT","HABW",NA,NA,NA,NA,NA,NA,NA,10,10,10,8.2,7.42,9,7.21,10
"R_6jq6H2K7Mx4TehT","HABX",NA,NA,NA,NA,NA,NA,NA,10,10,10,10,3.99,3.27,4.14,10
"R_6jq6H2K7Mx4TehT","HABY",NA,NA,NA,NA,NA,NA,NA,10,10,10,6.18,2.03,4.07,4.17,10
"R_6jq6H2K7Mx4TehT","HABZ",NA,NA,NA,NA,NA,NA,NA,10,10,8.03,7.13,10,3.24,3.25,10
"R_6LZmdCPmyPoz2s1","HABA",NA,NA,NA,NA,NA,NA,NA,7.12,7.07,6.05,5.18,5.09,4.25,1.76,7.14
"R_6LZmdCPmyPoz2s1","HABB",NA,NA,NA,NA,NA,NA,NA,2.98,1.94,2,1.98,3.09,3.25,2.31,3.53
"R_6LZmdCPmyPoz2s1","HABC",NA,NA,NA,NA,NA,NA,NA,4.02,3.01,3.09,3.07,3.12,3.16,3.16,5.97
"R_6LZmdCPmyPoz2s1","HABD",NA,NA,NA,NA,NA,NA,NA,2.07,1.01,1.07,1.12,4.18,5.09,5.09,4.19
"R_6LZmdCPmyPoz2s1","HABW",NA,NA,NA,NA,NA,NA,NA,10,10,10,8.47,6.04,6.11,6.22,8.5
"R_6LZmdCPmyPoz2s1","HABX",NA,NA,NA,NA,NA,NA,NA,9.97,10,10,7.09,5.14,4,4,9.14
"R_6LZmdCPmyPoz2s1","HABY",NA,NA,NA,NA,NA,NA,NA,10,10,10,7.46,5.09,5.09,5.09,9.29
"R_6LZmdCPmyPoz2s1","HABZ",NA,NA,NA,NA,NA,NA,NA,10,10,10,7.22,5.09,6,5.09,9.47
"R_6NOIRmLqzWWdhtg","WQA",8.55,9.06,9.08,9.15,1.99,6.18,"Yes",NA,NA,NA,NA,NA,NA,NA,NA
"R_6NOIRmLqzWWdhtg","WQB",5.61,5.01,4.99,7.18,3.99,6.04,"Yes",NA,NA,NA,NA,NA,NA,NA,NA
"R_6NOIRmLqzWWdhtg","WQC",7.59,8.56,8.66,8.66,2.01,6.11,"Yes",NA,NA,NA,NA,NA,NA,NA,NA
"R_6NOIRmLqzWWdhtg","WQD",6.07,8.07,6.62,7.65,2.99,6.07,"Yes",NA,NA,NA,NA,NA,NA,NA,NA
"R_6NOIRmLqzWWdhtg","WQW",8.77,9.17,9.23,9.23,1.85,6.17,"Yes",NA,NA,NA,NA,NA,NA,NA,NA
"R_6NOIRmLqzWWdhtg","WQX",8.66,7.17,8.06,9.03,1.97,6.04,"Yes",NA,NA,NA,NA,NA,NA,NA,NA
"R_6NOIRmLqzWWdhtg","WQY",4.01,3.96,2.9,6.15,3.94,6.15,"Yes",NA,NA,NA,NA,NA,NA,NA,NA
"R_6NOIRmLqzWWdhtg","WQZ",1.96,1.92,0.92,5.17,3.94,7.07,"Yes",NA,NA,NA,NA,NA,NA,NA,NA
"R_6PMOqhEGJynkrGF","HABA",NA,NA,NA,NA,NA,NA,NA,10,8.66,8.7,7.8,6.32,9.15,4.46,10
"R_6PMOqhEGJynkrGF","HABB",NA,NA,NA,NA,NA,NA,NA,8.18,0.89,2.01,5.97,3.59,6.87,5.1,8.53
"R_6PMOqhEGJynkrGF","HABC",NA,NA,NA,NA,NA,NA,NA,8.17,4.01,5,3.51,4.21,7.89,7.91,8.04
"R_6PMOqhEGJynkrGF","HABD",NA,NA,NA,NA,NA,NA,NA,6.1,2.69,4.38,3.1,5.03,8.18,8.28,3.87
"R_6PMOqhEGJynkrGF","HABW",NA,NA,NA,NA,NA,NA,NA,10,10,9.44,7.25,8.35,6.15,6.04,10
"R_6PMOqhEGJynkrGF","HABX",NA,NA,NA,NA,NA,NA,NA,10,10,10,8.51,4.22,5.34,4.91,10
"R_6PMOqhEGJynkrGF","HABY",NA,NA,NA,NA,NA,NA,NA,10,10,10,10,7.22,5.36,5.39,10
"R_6PMOqhEGJynkrGF","HABZ",NA,NA,NA,NA,NA,NA,NA,10,10,10,8,4.65,5.9,1.87,10
"R_6q765NN1awXPiKd","HABA",NA,NA,NA,NA,NA,NA,NA,8.13,4.9,5.35,4.7,4.11,5.01,2.89,7.03
"R_6q765NN1awXPiKd","HABB",NA,NA,NA,NA,NA,NA,NA,7.03,2.97,3.01,5.03,4.15,3.15,3.15,8.41
"R_6q765NN1awXPiKd","HABC",NA,NA,NA,NA,NA,NA,NA,4.94,2.9,3.01,3,5.11,5.11,5.13,7.75
"R_6q765NN1awXPiKd","HABD",NA,NA,NA,NA,NA,NA,NA,1.85,0,0.93,0.96,6.1,7.23,7.27,5.21
"R_6q765NN1awXPiKd","HABW",NA,NA,NA,NA,NA,NA,NA,10,9.14,9.2,9.1,4.1,5.1,5.1,9.04
"R_6q765NN1awXPiKd","HABX",NA,NA,NA,NA,NA,NA,NA,10,10,10,10,1.97,2.15,5.08,8.39
"R_6q765NN1awXPiKd","HABY",NA,NA,NA,NA,NA,NA,NA,10,10,10,8.37,4.06,4.06,3.93,8.75
"R_6q765NN1awXPiKd","HABZ",NA,NA,NA,NA,NA,NA,NA,10,10,10,9.94,5.03,3.11,5.1,10
"R_6rT42RveENJdmTV","HABA",NA,NA,NA,NA,NA,NA,NA,8.28,9.9,9.34,8.76,7.13,3.04,2.06,10
"R_6rT42RveENJdmTV","HABB",NA,NA,NA,NA,NA,NA,NA,7.11,6.37,4.2,7.15,6.15,5.04,5.15,10
"R_6rT42RveENJdmTV","HABC",NA,NA,NA,NA,NA,NA,NA,3.97,1.94,4.11,5.11,5.11,5.11,5.11,6.94
"R_6rT42RveENJdmTV","HABD",NA,NA,NA,NA,NA,NA,NA,2.86,0.07,0.06,0.04,5.07,5.07,5.11,6.39
"R_6rT42RveENJdmTV","HABW",NA,NA,NA,NA,NA,NA,NA,10,9.99,10,10,5.1,4.24,2.38,8.83
"R_6rT42RveENJdmTV","HABX",NA,NA,NA,NA,NA,NA,NA,9.97,10,10,10,2.68,6.65,3.42,10
"R_6rT42RveENJdmTV","HABY",NA,NA,NA,NA,NA,NA,NA,9.89,10,10,10,5.06,7.01,3.34,9.38
"R_6rT42RveENJdmTV","HABZ",NA,NA,NA,NA,NA,NA,NA,9.42,10,10,10,0.75,3.13,4.45,10
"R_6tL5ebGkz5iprHM","HABA",NA,NA,NA,NA,NA,NA,NA,8.8,9.1,7.85,5.08,5.1,6.34,1.96,9.06
"R_6tL5ebGkz5iprHM","HABB",NA,NA,NA,NA,NA,NA,NA,5.89,0.99,3.04,6.07,3.08,3.14,5.1,6.87
"R_6tL5ebGkz5iprHM","HABC",NA,NA,NA,NA,NA,NA,NA,1.93,0.94,5.1,2.05,5.5,6.63,6.65,0.95
"R_6tL5ebGkz5iprHM","HABD",NA,NA,NA,NA,NA,NA,NA,0.51,2.46,0.46,1.98,0.97,6.94,6.69,0.66
"R_6tL5ebGkz5iprHM","HABW",NA,NA,NA,NA,NA,NA,NA,10,9.42,9.41,7.19,3.56,7.95,8.04,9
"R_6tL5ebGkz5iprHM","HABX",NA,NA,NA,NA,NA,NA,NA,10,9.77,9.79,9.17,2.15,6.11,5.1,8.86
"R_6tL5ebGkz5iprHM","HABY",NA,NA,NA,NA,NA,NA,NA,10,9.88,8.59,7.79,4.05,6.59,5.31,9.45
"R_6tL5ebGkz5iprHM","HABZ",NA,NA,NA,NA,NA,NA,NA,10,10,7.5,7.55,5.15,4.25,5.38,9.01
"R_6vYtJWfRHUjipHa","HABA",NA,NA,NA,NA,NA,NA,NA,8.13,8.07,9.2,2.85,3.77,5.01,5,8.96
"R_6vYtJWfRHUjipHa","HABB",NA,NA,NA,NA,NA,NA,NA,7.06,1.83,2.97,3.9,2.99,4.99,2.51,8.13
"R_6vYtJWfRHUjipHa","HABC",NA,NA,NA,NA,NA,NA,NA,4,2.94,0,0,9.18,5.03,10,2.75
"R_6vYtJWfRHUjipHa","HABD",NA,NA,NA,NA,NA,NA,NA,2.92,2.92,3.97,1.86,9.23,5.01,5.1,2.87
"R_6vYtJWfRHUjipHa","HABW",NA,NA,NA,NA,NA,NA,NA,10,10,10,10,7.04,10,8.27,10
"R_6vYtJWfRHUjipHa","HABX",NA,NA,NA,NA,NA,NA,NA,10,10,10,10,3.99,8.17,7.17,10
"R_6vYtJWfRHUjipHa","HABY",NA,NA,NA,NA,NA,NA,NA,10,10,10,10,4.01,7.03,7.03,10
"R_6vYtJWfRHUjipHa","HABZ",NA,NA,NA,NA,NA,NA,NA,10,10,10,10,1.87,10,10,10
"R_6YGkp9NggRQAoYq","HABA",NA,NA,NA,NA,NA,NA,NA,9.87,5.99,6.08,7.28,6.2,4.11,4.8,8
"R_6YGkp9NggRQAoYq","HABB",NA,NA,NA,NA,NA,NA,NA,3.99,1.04,1.65,3.8,4.08,5.93,2.42,7.06
"R_6YGkp9NggRQAoYq","HABC",NA,NA,NA,NA,NA,NA,NA,3.93,3.48,2.79,2.59,2.62,3,4.24,5.2
"R_6YGkp9NggRQAoYq","HABD",NA,NA,NA,NA,NA,NA,NA,4,4.2,6.93,3.3,6.94,7.77,8.7,8.04
"R_6YGkp9NggRQAoYq","HABW",NA,NA,NA,NA,NA,NA,NA,10,9.07,10,9.83,5.9,9.11,6.96,8.06
"R_6YGkp9NggRQAoYq","HABX",NA,NA,NA,NA,NA,NA,NA,10,10,10,7.08,5.41,7.06,5.63,7.96
"R_6YGkp9NggRQAoYq","HABY",NA,NA,NA,NA,NA,NA,NA,10,9.14,8.14,6.11,5.76,6.66,4.34,6.14
"R_6YGkp9NggRQAoYq","HABZ",NA,NA,NA,NA,NA,NA,NA,10,9.18,10,10,5.65,8.85,3.97,8.92
"R_71dmrUQjtc1n0jH","WQA",8.72,9.07,9.14,10,0.35,3.93,"Yes",NA,NA,NA,NA,NA,NA,NA,NA
"R_71dmrUQjtc1n0jH","WQB",6.55,6.61,8.08,9.21,2.55,3.87,"Yes",NA,NA,NA,NA,NA,NA,NA,NA
"R_71dmrUQjtc1n0jH","WQC",8.82,8.76,8.96,10,0.1,2.38,"Yes",NA,NA,NA,NA,NA,NA,NA,NA
"R_71dmrUQjtc1n0jH","WQD",7.23,7.04,7.75,8.65,1.44,1.96,"Yes",NA,NA,NA,NA,NA,NA,NA,NA
"R_71dmrUQjtc1n0jH","WQW",9.08,9.07,9.24,8.38,0.28,1.44,"Yes",NA,NA,NA,NA,NA,NA,NA,NA
"R_71dmrUQjtc1n0jH","WQX",8.14,9.54,9.55,10,0.59,0.9,"Yes",NA,NA,NA,NA,NA,NA,NA,NA
"R_71dmrUQjtc1n0jH","WQY",5.66,3.99,5.66,7,4.1,5.1,"Yes",NA,NA,NA,NA,NA,NA,NA,NA
"R_71dmrUQjtc1n0jH","WQZ",3.44,1.73,2.01,4.03,6.56,6.72,"Yes",NA,NA,NA,NA,NA,NA,NA,NA
"R_7fLOExHaPLxAFBD","WQA",8.97,9.15,9.07,9.04,1.03,5.11,"Yes",NA,NA,NA,NA,NA,NA,NA,NA
"R_7fLOExHaPLxAFBD","WQB",2.85,5.93,2.96,5.11,5.11,5.1,"Yes",NA,NA,NA,NA,NA,NA,NA,NA
"R_7fLOExHaPLxAFBD","WQC",10,9.59,9.56,9.66,1.94,5.11,"Yes",NA,NA,NA,NA,NA,NA,NA,NA
"R_7fLOExHaPLxAFBD","WQD",7.1,9.11,9.2,9.25,5.97,5.04,"Yes",NA,NA,NA,NA,NA,NA,NA,NA
"R_7fLOExHaPLxAFBD","WQW",9.94,9.54,9.54,9.54,2.96,5.11,"Yes",NA,NA,NA,NA,NA,NA,NA,NA
"R_7fLOExHaPLxAFBD","WQX",8,8.15,5.1,5.08,5.1,5.1,"Yes",NA,NA,NA,NA,NA,NA,NA,NA
"R_7fLOExHaPLxAFBD","WQY",1.89,5.03,2.9,2.82,5.1,5.08,"Yes",NA,NA,NA,NA,NA,NA,NA,NA
"R_7fLOExHaPLxAFBD","WQZ",0.89,2.9,1.32,1.32,5.1,5.1,"Yes",NA,NA,NA,NA,NA,NA,NA,NA
"R_7flXdlZBYndDRhi","WQA",8.01,10,10,9.18,2.94,6.39,"No",NA,NA,NA,NA,NA,NA,NA,NA
"R_7flXdlZBYndDRhi","WQB",3.99,7.11,4.35,5.98,3.92,6.56,"Yes",NA,NA,NA,NA,NA,NA,NA,NA
"R_7flXdlZBYndDRhi","WQC",9.04,10,9.04,10,0.9,2.35,"Yes",NA,NA,NA,NA,NA,NA,NA,NA
"R_7flXdlZBYndDRhi","WQD",6.99,9.08,8.14,9.21,2.94,4.59,"No",NA,NA,NA,NA,NA,NA,NA,NA
"R_7flXdlZBYndDRhi","WQW",9.09,8.15,10,10,0.88,4.01,"Yes",NA,NA,NA,NA,NA,NA,NA,NA
"R_7flXdlZBYndDRhi","WQX",8.11,8.71,8.15,8.54,2.4,3.95,"Yes",NA,NA,NA,NA,NA,NA,NA,NA
"R_7flXdlZBYndDRhi","WQY",3.88,6.04,3.61,5.63,4.66,5.66,"Yes",NA,NA,NA,NA,NA,NA,NA,NA
"R_7flXdlZBYndDRhi","WQZ",2.94,3.39,0,4.53,5.88,6.36,"Yes",NA,NA,NA,NA,NA,NA,NA,NA
"R_7hAdJ0bSs9YRIHl","WQA",9.21,8.17,8.18,10,0,7.08,"Yes",NA,NA,NA,NA,NA,NA,NA,NA
"R_7hAdJ0bSs9YRIHl","WQB",5.01,6.08,6.11,8.24,0,7.21,"Yes",NA,NA,NA,NA,NA,NA,NA,NA
"R_7hAdJ0bSs9YRIHl","WQC",9.15,9.15,10,10,0,8.14,"Yes",NA,NA,NA,NA,NA,NA,NA,NA
"R_7hAdJ0bSs9YRIHl","WQD",7.15,6.1,7.08,8.13,0,8.21,"Yes",NA,NA,NA,NA,NA,NA,NA,NA
"R_7hAdJ0bSs9YRIHl","WQW",7.15,6.1,7.11,9.21,0,7.54,"Yes",NA,NA,NA,NA,NA,NA,NA,NA
"R_7hAdJ0bSs9YRIHl","WQX",6.04,5.11,6.07,6.15,1.94,8.1,"Yes",NA,NA,NA,NA,NA,NA,NA,NA
"R_7hAdJ0bSs9YRIHl","WQY",2.96,3.51,4.39,5.14,2.01,8.06,"Yes",NA,NA,NA,NA,NA,NA,NA,NA
"R_7hAdJ0bSs9YRIHl","WQZ",1.94,2.96,3.01,2.06,4,8.94,"Yes",NA,NA,NA,NA,NA,NA,NA,NA
"R_7IkxsPWvHISPLX3","WQA",7.6,8.05,8.04,8.04,2.45,8.69,"Yes",NA,NA,NA,NA,NA,NA,NA,NA
"R_7IkxsPWvHISPLX3","WQB",5.59,5.6,5.67,7.63,6.04,9.1,"Yes",NA,NA,NA,NA,NA,NA,NA,NA
"R_7IkxsPWvHISPLX3","WQC",6.41,8.53,8.24,8.57,2.81,9.19,"No",NA,NA,NA,NA,NA,NA,NA,NA
"R_7IkxsPWvHISPLX3","WQD",5.59,6.53,6.5,7.52,4.95,9.39,"Yes",NA,NA,NA,NA,NA,NA,NA,NA
"R_7IkxsPWvHISPLX3","WQW",9.12,9.04,9,8.97,3.57,9.36,"Yes",NA,NA,NA,NA,NA,NA,NA,NA
"R_7IkxsPWvHISPLX3","WQX",8.11,7.46,7.52,7.55,4.32,9.6,"Yes",NA,NA,NA,NA,NA,NA,NA,NA
"R_7IkxsPWvHISPLX3","WQY",4.29,6.05,4.39,4.41,5.17,9.49,"Yes",NA,NA,NA,NA,NA,NA,NA,NA
"R_7IkxsPWvHISPLX3","WQZ",1.43,3.31,3.35,5.26,5.38,9.43,"No",NA,NA,NA,NA,NA,NA,NA,NA
"R_7SJGmxFIdFq1rB9","WQA",10,10,10,10,0,2.92,"Yes",NA,NA,NA,NA,NA,NA,NA,NA
"R_7SJGmxFIdFq1rB9","WQB",9.37,5.99,7.06,6.04,6.07,6.07,"Yes",NA,NA,NA,NA,NA,NA,NA,NA
"R_7SJGmxFIdFq1rB9","WQC",7.15,7.03,7.07,7.68,6.15,6.3,"Yes",NA,NA,NA,NA,NA,NA,NA,NA
"R_7SJGmxFIdFq1rB9","WQD",3.11,2.94,3.11,4.25,8.1,8.11,"No",NA,NA,NA,NA,NA,NA,NA,NA
"R_7SJGmxFIdFq1rB9","WQW",10,9.07,9.08,10,0.93,2.97,"Yes",NA,NA,NA,NA,NA,NA,NA,NA
"R_7SJGmxFIdFq1rB9","WQX",2.1,1.94,3.92,3.99,8.2,8.25,"No",NA,NA,NA,NA,NA,NA,NA,NA
"R_7SJGmxFIdFq1rB9","WQY",3.93,1.07,1.99,1.97,8.06,8.07,"No",NA,NA,NA,NA,NA,NA,NA,NA
"R_7SJGmxFIdFq1rB9","WQZ",1.85,0.8,0.86,0.89,9.08,8.27,"No",NA,NA,NA,NA,NA,NA,NA,NA
"R_7sjrqziZaOWJOWF","HABA",NA,NA,NA,NA,NA,NA,NA,9.13,9.1,8.14,8.17,4.93,4.11,4.99,8.08
"R_7sjrqziZaOWJOWF","HABB",NA,NA,NA,NA,NA,NA,NA,9.03,5,6.01,6.99,6.06,6.97,7.01,8.17
"R_7sjrqziZaOWJOWF","HABC",NA,NA,NA,NA,NA,NA,NA,5.04,2.92,3.92,3.89,3.87,4.89,3.85,5.86
"R_7sjrqziZaOWJOWF","HABD",NA,NA,NA,NA,NA,NA,NA,7.06,2.85,5.03,2.93,7.17,7.24,7.24,6.14
"R_7sjrqziZaOWJOWF","HABW",NA,NA,NA,NA,NA,NA,NA,10,9.08,8.11,8.14,5.89,8.15,7.14,6.17
"R_7sjrqziZaOWJOWF","HABX",NA,NA,NA,NA,NA,NA,NA,10,9.13,9.1,7.15,3.93,2.86,3.96,7.23
"R_7sjrqziZaOWJOWF","HABY",NA,NA,NA,NA,NA,NA,NA,8.03,9.04,7.11,7.99,2.89,2.86,3.75,6.32
"R_7sjrqziZaOWJOWF","HABZ",NA,NA,NA,NA,NA,NA,NA,9.08,8.15,7.17,8.21,4.04,4.01,4.07,7.35
